"SYNTHETIC DEMO DATA - NOT FOR CLIENT USE.",,,,,,,,,,,
,,,,,,,,,,,
AccountName,AccountNumber,Description,SymbolCusip,PercentOfPortfolio,CurrentValue,CostBasisGainLossDollar,CostBasisGainLossPercent,CostBasis,EstimatedAnnualIncome,EstimatedAnnualYield,Quantity
Sample Household Trust,DEMO-1001,CASH,CASH,0.08,388.90,,,388.90,0.12,,
Sample Household Trust,DEMO-1001,JPMORGAN 100% US TREASURY SEC MMKT FD CAPITAL CL M/M,CJTXX,6.53,33696.46,0,0,33696.46,1213.07,3.60,"33,696.46"
Sample Household Trust,DEMO-1001,ISHARES TR RUSSELL 2000 ETF,IWM,9.37,48329.85,21530.28,80.34,26799.57,449.03,0.93,177
Sample Household Trust,DEMO-1001,STATE STREET SPDR PORTFOLIO S&P 500 VALUE ETF,SPYV,13.72,70809.58,35270.50,99.24,35539.08,1214.78,1.72,"1,178.00"
Sample Retirement Account,DEMO-2002,CASH,CASH,0.50,1250.00,,,1250.00,0.40,,
Sample Retirement Account,DEMO-2002,US TREASURY NOTE 4.125% 2031-08-15,38141508,45.00,112500.00,3200.00,2.93,109300.00,4620.00,4.11,"112,500.00"
Sample Retirement Account,DEMO-2002,APPLE INC,AAPL,54.50,136250.00,42100.00,44.72,94150.00,1890.00,1.39,720
,,,7,100,403224.79,102100.78,33.91,301124.01,9387.40,2.33,
