"SYNTHETIC DEMO DATA — NOT FOR CLIENT USE.",,,,,,,,,,,
,,,,,,,,,,,
AccountName,AccountNumber,Description,SymbolCusip,PercentOfPortfolio,CurrentValue,CostBasisGainLossDollar,CostBasisGainLossPercent,CostBasis,EstimatedAnnualIncome,EstimatedAnnualYield,Quantity
Sample Household Trust,DEMO-2026,CASH,CASH,0.08,388.90,,,388.90,0.12,,
Sample Household Trust,DEMO-2026,JPMORGAN 100% US TREASURY SEC MMKT FD CAPITAL CL M/M,CJTXX,6.53,33696.46,0,0,33696.46,1213.07,3.60,"33,696.46"
Sample Household Trust,DEMO-2026,ISHARES TR RUSSELL 2000 ETF,IWM,9.37,48329.85,21530.28,80.34,26799.57,449.03,0.93,177
Sample Household Trust,DEMO-2026,STATE STREET SPDR PORTFOLIO S&P 500 VALUE ETF,SPYV,13.72,70809.58,35270.50,99.24,35539.08,1214.78,1.72,"1,178.00"
Sample Household Trust,DEMO-2026,AMERICAN FUNDS EUPAC FUND CL F2 N/L,AEPFX,5.81,29961.58,6950.14,30.20,23011.44,904.06,3.02,465.531
Sample Household Trust,DEMO-2026,FRANKLIN CA INTERMEDIATE TERM TAX FREE INC FD ADV CL N/L,FRCZX,5.41,27900.11,0,0,27900.11,989.17,3.55,"2,552.62"
Sample Household Trust,DEMO-2026,FRANKLIN CALIFORNIA TAX FREE INCOME FUND ADVISOR CL N/L,FCAVX,6.10,31460.11,-1036.12,-3.19,32496.23,1234.62,3.92,"4,709.60"
,,,7,100,272546.59,62914.80,30.00,209631.79,6004.85,2.20,
