"  Account Name  ","  Account # "," Holding Type "," Symbol "," Security Description "," CUSIP "," Quantity "," Price "," Market Value "," % of Account "," Notes "
"  Stark Family Trust  ","  XXXX-1048 "," Equity "," AAPL ","  Apple Inc.  ","037833100"," 125 "," 189.44 "," 23680.00 "," 8.34% "," imported from custodian  "
"Stark Family Trust ","XXXX-1048"," ETF "," VTI "," Vanguard Total Stock Market ETF ","922908769"," 210.442 "," 265.18 "," 55805.02 ","19.65%"," reinvest dividends "
"  Stark Family Trust"," XXXX-1048 "," Mutual Fund "," VBTLX "," Vanguard Total Bond Market Index Adm ","921937603"," 3420.91 "," 9.77 "," 33422.29 "," 11.77% ","  "
" Stark Family Trust ","XXXX-1048"," Cash "," CASH "," FDIC INSURED DEPOSIT SWEEP ",""," 1 "," 18450.73 "," 18450.73 "," 6.50% "," cash sweep  "
"  Stark Family Trust  "," XXXX-1048"," Equity "," MSFT "," Microsoft Corp ","594918104"," 80 "," 421.90 "," 33752.00 "," 11.89% "," lot detail missing "
"","","","","","","","","","",""
"  Account Total  ","","","","","","",""," 165110.04 "," 58.15% "," subtotal row from export "
"","","","","","","","","","",""
"  Operating LLC  ","  XXXX-8821 "," Equity "," NVDA "," NVIDIA Corporation ","67066G104"," 45 "," 921.40 "," 41463.00 "," 14.61% "," concentrated position "
" Operating LLC","XXXX-8821"," ETF "," BND "," Vanguard Total Bond Market ETF ","921937835"," 320 "," 72.42 "," 23174.40 "," 8.16% "," fixed income sleeve "
"  Operating LLC "," XXXX-8821 "," Equity "," BRK.B "," Berkshire Hathaway Inc Class B ","084670702"," 51 "," 407.28 "," 20771.28 "," 7.32% "," ticker contains period "
"Operating LLC  ","XXXX-8821"," Alternative "," GLD "," SPDR Gold Shares ","78463V107"," 90 "," 213.65 "," 19228.50 "," 6.77% "," commodity exposure "
"","","","","","","","","","",""
" Operating LLC Total ","","","","","","","","104637.18 "," 36.86% "," subtotal row from export "
"","","","","","","","","","",""
" Grand Total ","","","","","","",""," 269747.22 "," 95.01% "," export excludes pending trades "
"  Generated: 2026-05-19  "," Source: custodian CSV copy/paste ","","","","","","","","",""
